"0","base <- impute_rf(imputed, all_features = TRUE)"
"1","  removed variable(s)"
"1"," "
"1","1"
"1"," "
"1","7"
"1"," "
"1","8"
"1"," "
"1","9"
"1"," "
"1","15"
"1"," "
"1","25"
"1"," "
"1","28"
"1"," "
"1","29"
"1"," "
"1","33"
"1"," "
"1","50"
"1"," "
"1","51"
"1"," "
"1","61"
"1"," "
"1","62"
"1"," "
"1","73"
"1"," "
"1","75"
"1"," "
"1","80"
"1"," "
"1","82"
"1"," "
"1","88"
"1"," "
"1","90"
"1"," "
"1","93"
"1"," "
"1","95"
"1"," "
"1","97"
"1"," "
"1","100"
"1"," "
"1","105"
"1"," "
"1","107"
"1"," "
"1","128"
"1"," "
"1","132"
"1"," "
"1","136"
"1"," "
"1","138"
"1"," "
"1","140"
"1"," "
"1","141"
"1"," "
"1","142"
"1"," "
"1","148"
"1"," "
"1","153"
"1"," "
"1","154"
"1"," "
"1","157"
"1"," "
"1","162"
"1"," "
"1","163"
"1"," "
"1","166"
"1"," "
"1","167"
"1"," "
"1","168"
"1"," "
"1","169"
"1"," "
"1","170"
"1"," "
"1","171"
"1"," "
"1","172"
"1"," "
"1","173"
"1"," "
"1","176"
"1"," "
"1","177"
"1"," "
"1","178"
"1"," "
"1","180"
"1"," "
"1","181"
"1"," "
"1","182"
"1"," "
"1","183"
"1"," "
"1","184"
"1"," "
"1","186"
"1"," "
"1","187"
"1"," "
"1","188"
"1"," "
"1","189"
"1"," "
"1","194"
"1"," "
"1","197"
"1"," "
"1","202"
"1"," "
"1","204"
"1"," "
"1","208"
"1"," "
"1","209"
"1"," "
"1","218"
"1"," "
"1","221"
"1"," "
"1","222"
"1"," "
"1","223"
"1"," "
"1","225"
"1"," "
"1","226"
"1"," "
"1","227"
"1"," "
"1","228"
"1"," "
"1","237"
"1"," "
"1","240"
"1"," "
"1","241"
"1"," "
"1","245"
"1"," "
"1","246"
"1"," "
"1","247"
"1"," "
"1","248"
"1"," "
"1","249"
"1"," "
"1","250"
"1"," "
"1","254"
"1"," "
"1","255"
"1"," "
"1","256"
"1"," "
"1","257"
"1"," "
"1","258"
"1"," "
"1","259"
"1"," "
"1","260"
"1"," "
"1","261"
"1"," "
"1","263"
"1"," "
"1","264"
"1"," "
"1","265"
"1"," "
"1","269"
"1"," "
"1","272"
"1"," "
"1","273"
"1"," "
"1","274"
"1"," "
"1","275"
"1"," "
"1","276"
"1"," "
"1","277"
"1"," "
"1","278"
"1"," "
"1","279"
"1"," "
"1","280"
"1"," "
"1","281"
"1"," "
"1","282"
"1"," "
"1","284"
"1"," "
"1","285"
"1"," "
"1","287"
"1"," "
"1","288"
"1"," "
"1","291"
"1"," "
"1","292"
"1"," "
"1","295"
"1"," "
"1","297"
"1"," "
"1","298"
"1"," "
"1","299"
"1"," "
"1","301"
"1"," "
"1","302"
"1"," "
"1","306"
"1"," "
"1","307"
"1"," "
"1","310"
"1"," "
"1","311"
"1"," "
"1","312"
"1"," "
"1","313"
"1"," "
"1","314"
"1"," "
"1","315"
"1"," "
"1","317"
"1"," "
"1","318"
"1"," "
"1","320"
"1"," "
"1","321"
"1"," "
"1","323"
"1"," "
"1","324"
"1"," "
"1","326"
"1"," "
"1","327"
"1"," "
"1","328"
"1"," "
"1","329"
"1"," "
"1","332"
"1"," "
"1","334"
"1"," "
"1","335"
"1"," "
"1","340"
"1"," "
"1","341"
"1"," "
"1","342"
"1"," "
"1","343"
"1"," "
"1","346"
"1"," "
"1","350"
"1"," "
"1","351"
"1"," "
"1","352"
"1"," "
"1","353"
"1"," "
"1","354"
"1"," "
"1","355"
"1"," "
"1","356"
"1"," "
"1","359"
"1"," "
"1","360"
"1"," "
"1","362"
"1"," "
"1","363"
"1"," "
"1","due to the missingness of all entries
"
"2","Error in dimnames(x) <- dn : 
  length of 'dimnames' [1] not equal to array extent
"
