"0","set.seed(2024)"
"0","imputed <- impute_rf(merged_no_qc)"
"0","base <- impute_rf(imputed, all_features = TRUE)"
"1","  removed variable(s)"
"1"," "
"1","4"
"1"," "
"1","5"
"1"," "
"1","6"
"1"," "
"1","10"
"1"," "
"1","14"
"1"," "
"1","17"
"1"," "
"1","18"
"1"," "
"1","19"
"1"," "
"1","71"
"1"," "
"1","72"
"1"," "
"1","73"
"1"," "
"1","206"
"1"," "
"1","475"
"1"," "
"1","477"
"1"," "
"1","677"
"1"," "
"1","1167"
"1"," "
"1","1192"
"1"," "
"1","1691"
"1"," "
"1","2308"
"1"," "
"1","3084"
"1"," "
"1","3085"
"1"," "
"1","3448"
"1"," "
"1","4254"
"1"," "
"1","4983"
"1"," "
"1","11281"
"1"," "
"1","13881"
"1"," "
"1","14576"
"1"," "
"1","17062"
"1"," "
"1","17065"
"1"," "
"1","17192"
"1"," "
"1","18207"
"1"," "
"1","19362"
"1"," "
"1","20491"
"1"," "
"1","20646"
"1"," "
"1","21771"
"1"," "
"1","22801"
"1"," "
"1","25228"
"1"," "
"1","25230"
"1"," "
"1","47913"
"1"," "
"1","66001"
"1"," "
"1","due to the missingness of all entries
"
"2","Error in dimnames(x) <- dn : 
  length of 'dimnames' [1] not equal to array extent
"
